X,Y
1437696000000,32056
1437782400000,29670
1437868800000,26488
1437955200000,32603
1438041600000,32715
1438128000000,32784
1438214400000,32719
1438300800000,35079
1438387200000,28807
1438473600000,30680
1438560000000,31734
1438646400000,31987
1438732800000,30934
1438819200000,30340
1438905600000,30017
1438992000000,29823
1439078400000,30485
1439164800000,31880
1439251200000,31544
1439337600000,31926
1439424000000,33041
1439510400000,30809
1439596800000,33946
1439683200000,33215
1439769600000,31563
1439856000000,31015
1439942400000,29936
1440028800000,29716
1440115200000,30337
1440201600000,34407
1440288000000,35086
1440374400000,29857
1440460800000,29717
1440547200000,28074
1440633600000,31721
1440720000000,28156
1440806400000,33836
1440892800000,34808
1440979200000,28127
1441065600000,31190
1441152000000,26956
1441238400000,24460
1441324800000,28910
1441411200000,40452
1441497600000,35155
1441584000000,39501
1441670400000,23287
1441756800000,20419
1441843200000,22211
1441929600000,25524
1442016000000,38969
1442102400000,33901
1442188800000,22902
1442275200000,20149
1442361600000,19894
1442448000000,19169
1442534400000,24652
1442620800000,36194
1442707200000,39720
1442793600000,22646
1442880000000,20578
1442966400000,23422
1443052800000,21167
1443139200000,27511
1443225600000,38244
1443312000000,37739
1443398400000,25624
1443484800000,21481
1443571200000,21410
1443657600000,20667
1443744000000,27250
1443830400000,39921
1443916800000,39389
1444003200000,23949
1444089600000,20162
1444176000000,20026
1444262400000,20616
1444348800000,31711
1444435200000,38949
1444521600000,36338
1444608000000,29778
1444694400000,21790
1444780800000,20896
1444867200000,21635
1444953600000,28351
1445040000000,36604
1445126400000,36956
1445212800000,23099
1445299200000,20189
1445385600000,20399
1445472000000,21226
1445558400000,27449
1445644800000,37900
1445731200000,37890
1445817600000,23986
1445904000000,22883
1445990400000,24396
1446076800000,23669
1446163200000,32388
1446249600000,34766
1446336000000,37735
1446422400000,25031
1446508800000,22581
1446595200000,20375
1446681600000,20981
1446768000000,27906
1446854400000,36492
1446940800000,36374
1447027200000,22267
1447113600000,25355
1447200000000,28434
1447286400000,23732
1447372800000,32489
1447459200000,40802
1447545600000,42887
1447632000000,26870
1447718400000,23214
1447804800000,25261
1447891200000,23408
1447977600000,31552
1448064000000,41254
1448150400000,41881
1448236800000,28296
1448323200000,29511
1448409600000,37318
1448496000000,36406
1448582400000,42304
1448668800000,43230
1448755200000,43278
1448841600000,28088
1448928000000,23276
1449014400000,23865
1449100800000,22677
1449187200000,30872
1449273600000,40012
1449360000000,40364
1449446400000,28313
1449532800000,26149
1449619200000,25663
1449705600000,24453
1449792000000,30321
1449878400000,39909
1449964800000,39940
1450051200000,24358
1450137600000,24251
1450224000000,22778
1450310400000,24411
1450396800000,31495
1450483200000,36797
1450569600000,36080
1450656000000,39824
1450742400000,40526
1450828800000,39954
1450915200000,35151
1451001600000,29317
1451088000000,32370
1451174400000,35087
1451260800000,35516
1451347200000,36467
1451433600000,38970
1451520000000,40144
1451606400000,40451
1451692800000,41103
1451779200000,42786
1451865600000,32278
1451952000000,27994
1452038400000,28237
1452124800000,28337
1452211200000,34233
1452297600000,45759
1452384000000,43448
1452470400000,30803
1452556800000,28996
1452643200000,30564
1452729600000,30512
1452816000000,34729
1452902400000,44102
1452988800000,36079
1453075200000,43081
1453161600000,32460
1453248000000,30652
1453334400000,30229
1453420800000,36947
1453507200000,43955
1453593600000,43084
1453680000000,33428
1453766400000,30075
1453852800000,29726
1453939200000,28340
1454025600000,32831
1454112000000,40751
1454198400000,44502
1454284800000,30394
1454371200000,28279
1454457600000,29316
1454544000000,30078
1454630400000,36916
1454716800000,46976
1454803200000,46225
1454889600000,31203
1454976000000,29678
1455062400000,28485
1455148800000,31010
1455235200000,37123
1455321600000,45997
1455408000000,44700
1455494400000,42710
1455580800000,32156
1455667200000,29214
1455753600000,28637
1455840000000,34984
1455926400000,47439
1456012800000,46998
1456099200000,29800
1456185600000,25838
1456272000000,31058
1456358400000,27876
1456444800000,36521
1456531200000,48191
1456617600000,49933
1456704000000,32712
1456790400000,32855
1456876800000,31726
1456963200000,29212
1457049600000,37493
1457136000000,52338
1457222400000,48936
1457308800000,31475
1457395200000,26944
1457481600000,26464
1457568000000,26998
1457654400000,35103
1457740800000,46798
1457827200000,45658
1457913600000,31350
1458000000000,28018
1458086400000,28159
1458172800000,29560
1458259200000,41187
1458345600000,44999
1458432000000,44949
1458518400000,31513
1458604800000,30878
1458691200000,32741
1458777600000,39122
1458864000000,43879
1458950400000,43554
1459036800000,40665
1459123200000,36790
1459209600000,30752
1459296000000,28548
1459382400000,28355
1459468800000,35907
1459555200000,43863
1459641600000,43726
1459728000000,30593
1459814400000,26904
1459900800000,26368
1459987200000,29549
1460073600000,35237
1460160000000,48067
1460246400000,45041
1460332800000,32079
1460419200000,27088
1460505600000,26502
1460592000000,26045
1460678400000,32119
1460764800000,42252
1460851200000,41638
1460937600000,30166
1461024000000,26303
1461110400000,26677
1461196800000,28044
1461283200000,32597
1461369600000,44455
1461456000000,44212
1461542400000,31958
1461628800000,26413
1461715200000,26314
1461801600000,25844
1461888000000,31613
1461974400000,40370
1462060800000,40810
1462147200000,27098
1462233600000,23464
1462320000000,23244
1462406400000,23170
1462492800000,28178
1462579200000,40492
1462665600000,34651
1462752000000,23426
1462838400000,22372
1462924800000,22651
1463011200000,22688
1463097600000,29566
1463184000000,39713
1463270400000,38696
1463356800000,27031
1463443200000,22065
1463529600000,22045
1463616000000,21918
1463702400000,28297
1463788800000,37848
1463875200000,37094
1463961600000,24108
1464048000000,22367
1464134400000,22636
1464220800000,24387
1464307200000,30214
1464393600000,34998
1464480000000,33452
1464566400000,31694
1464652800000,24542
1464739200000,24558
1464825600000,24553
1464912000000,31682
1464998400000,35217
1465084800000,34937
1465171200000,26622
1465257600000,26773
1465344000000,26683
1465430400000,27741
1465516800000,29656
1465603200000,32235
1465689600000,32778
1465776000000,29474
1465862400000,29356
1465948800000,28885
1466035200000,29284
1466121600000,31421
1466208000000,31471
1466294400000,30509
1466380800000,30233
1466467200000,29760
1466553600000,29326
1466640000000,29017
1466726400000,31720
1466812800000,32037
1466899200000,31108
1466985600000,33766
1467072000000,34121
1467158400000,34292
1467244800000,34462
1467331200000,34456
1467417600000,31730
1467504000000,30889
1467590400000,31789
1467676800000,34242
1467763200000,33285
1467849600000,33278
1467936000000,34135
1468022400000,33095
1468108800000,32274
1468195200000,32704
1468281600000,31967
1468368000000,32382
1468454400000,31596
1468540800000,31266
1468627200000,29560
1468713600000,30080
1468800000000,32001
1468886400000,29949
1468972800000,31246
1469059200000,31556
1469145600000,29604
1469232000000,27701
1469318400000,28256
1469404800000,32497
1469491200000,31256
1469577600000,31563
1469664000000,31890
1469750400000,31636
1469836800000,29730
1469923200000,30023
1470009600000,32480
1470096000000,31753
1470182400000,31732
1470268800000,30752
1470355200000,30090
1470441600000,29734
1470528000000,29601
1470614400000,27858
1470700800000,26037
1470787200000,26353
1470873600000,28551
1470960000000,28443
1471046400000,29977
1471132800000,29390
1471219200000,29404
1471305600000,28954
1471392000000,27402
1471478400000,25997
1471564800000,27560
1471651200000,31858
1471737600000,32395
1471824000000,25916
1471910400000,24922
1471996800000,24082
1472083200000,23503
1472169600000,25237
1472256000000,31582
1472342400000,32164
1472428800000,24658
1472515200000,24623
1472601600000,23229
1472688000000,23689
1472774400000,25444
1472860800000,33644
1472947200000,31522
1473033600000,32077
1473120000000,21797
1473206400000,19682
1473292800000,19932
1473379200000,25431
1473465600000,33985
1473552000000,33883
1473638400000,22585
1473724800000,18641
1473811200000,19241
1473897600000,18564
1473984000000,25240
1474070400000,32421
1474156800000,34036
1474243200000,23109
1474329600000,19619
1474416000000,18986
1474502400000,18813
1474588800000,24279
1474675200000,31852
1474761600000,30836
1474848000000,20828
1474934400000,18130
1475020800000,10478
1475107200000,10353
1475193600000,18709
1475280000000,28132
1475366400000,27520
1475452800000,19435
1475539200000,16167
1475625600000,16024
1475712000000,16350
1475798400000,21726
1475884800000,27649
1475971200000,28218
1476057600000,22302
1476144000000,16475
1476230400000,18085
1476316800000,15474
1476403200000,20145
1476489600000,28165
1476576000000,27548
1476662400000,18063
1476748800000,14797
1476835200000,15475
1476921600000,15655
1477008000000,20827
1477094400000,27624
1477180800000,27021
1477267200000,17495
1477353600000,14641
1477440000000,14840
1477526400000,15557
1477612800000,19323
1477699200000,26606
1477785600000,26521
1477872000000,16106
1477958400000,15809
1478044800000,15610
1478131200000,14558
1478217600000,21460
1478304000000,27817
1478390400000,27305
1478476800000,16418
1478563200000,17794
1478649600000,14382
1478736000000,15833
1478822400000,23103
1478908800000,27516
1478995200000,26643
1479081600000,15678
1479168000000,14349
1479254400000,13772
1479340800000,14527
1479427200000,18532
1479513600000,26325
1479600000000,26051
1479686400000,18043
1479772800000,17969
1479859200000,22311
1479945600000,21822
1480032000000,26424
1480118400000,27291
1480204800000,26549
1480291200000,17867
1480377600000,14967
1480464000000,14505
1480550400000,14482
1480636800000,20052
1480723200000,28345
1480809600000,27419
1480896000000,18445
1480982400000,15476
1481068800000,15639
1481155200000,15899
1481241600000,19582
1481328000000,28416
1481414400000,26753
1481500800000,18187
1481587200000,16022
1481673600000,15505
1481760000000,15861
1481846400000,20576
1481932800000,27558
1482019200000,26941
1482105600000,21526
1482192000000,22649
1482278400000,23225
1482364800000,25925
1482451200000,29071
1482537600000,23286
1482624000000,20799
1482710400000,24302
1482796800000,27181
1482883200000,28070
1482969600000,29043
1483056000000,30010
1483142400000,25107
1483228800000,27161
1483315200000,28484
1483401600000,23370
1483488000000,22781
1483574400000,23261
1483660800000,26454
1483747200000,32310
1483833600000,31808
1483920000000,23243
1484006400000,20661
1484092800000,19756
1484179200000,19593
1484265600000,24100
1484352000000,31664
1484438400000,31009
1484524800000,29909
1484611200000,21447
1484697600000,19991
1484784000000,19751
1484870400000,25232
1484956800000,32112
1485043200000,35101
1485129600000,27982
1485216000000,23393
1485302400000,23203
1485388800000,23244
1485475200000,28986
1485561600000,35117
1485648000000,35114
1485734400000,26544
1485820800000,21576
1485907200000,22460
1485993600000,23207
1486080000000,29134
1486166400000,41075
1486252800000,41523
1486339200000,24828
1486425600000,22412
1486512000000,21571
1486598400000,24128
1486684800000,27906
1486771200000,39241
1486857600000,39810
1486944000000,26774
1487030400000,22374
1487116800000,21826
1487203200000,22583
1487289600000,30370
1487376000000,39129
1487462400000,38012
1487548800000,36842
1487635200000,28994
1487721600000,29030
1487808000000,30512
1487894400000,39669
1487980800000,45203
1488067200000,49920
1488153600000,37540
1488240000000,33486
1488326400000,33647
1488412800000,31874
1488499200000,42692
1488585600000,55074
1488672000000,55114
1488758400000,39636
1488844800000,34565
1488931200000,33662
1489017600000,32317
1489104000000,44173
1489190400000,57856
1489276800000,59577
1489363200000,43073
1489449600000,43527
1489536000000,39911
1489622400000,36874
1489708800000,51905
1489795200000,60966
1489881600000,59850
1489968000000,41690
1490054400000,36317
1490140800000,34448
1490227200000,33947
1490313600000,48629
1490400000000,57410
1490486400000,57121
1490572800000,37969
1490659200000,34734
1490745600000,33638
1490832000000,34912
1490918400000,43945
1491004800000,54383
1491091200000,53949
1491177600000,39781
1491264000000,35805
1491350400000,35257
1491436800000,35880
1491523200000,42611
1491609600000,53884
1491696000000,52195
1491782400000,39624
1491868800000,38752
1491955200000,37616
1492041600000,39907
1492128000000,50365
1492214400000,52624
1492300800000,50884
1492387200000,46964
1492473600000,37995
1492560000000,36363
1492646400000,36635
1492732800000,45260
1492819200000,60288
1492905600000,58518
1492992000000,41272
1493078400000,37046
1493164800000,34159
1493251200000,33413
1493337600000,41801
1493424000000,56481
1493510400000,57671
1493596800000,41656
1493683200000,34590
1493769600000,34175
1493856000000,32625
1493942400000,43296
1494028800000,54938
1494115200000,57000
1494201600000,36694
1494288000000,32233
1494374400000,31407
1494460800000,32126
1494547200000,40663
1494633600000,56883
1494720000000,51475
1494806400000,32651
1494892800000,32357
1494979200000,30766
1495065600000,31703
1495152000000,42241
1495238400000,54866
1495324800000,53696
1495411200000,35000
1495497600000,33310
1495584000000,34967
1495670400000,35150
1495756800000,43717
1495843200000,49861
1495929600000,49442
1496016000000,49911
1496102400000,37445
1496188800000,37127
1496275200000,37020
1496361600000,45082
1496448000000,50276
1496534400000,52486
1496620800000,42950
1496707200000,42760
1496793600000,44228
1496880000000,43363
1496966400000,49445
1497052800000,49763
1497139200000,50978
1497225600000,46184
1497312000000,46198
1497398400000,46529
1497484800000,48804
1497571200000,53418
1497657600000,50505
1497744000000,48012
1497830400000,48299
1497916800000,48567
1498003200000,47372
1498089600000,49746
1498176000000,51299
1498262400000,50432
1498348800000,50674
1498435200000,52195
1498521600000,52913
1498608000000,53644
1498694400000,56167
1498780800000,60961
1498867200000,55894
1498953600000,54170
1499040000000,57976
1499126400000,55578
1499212800000,59453
1499299200000,60157
1499385600000,64493
1499472000000,58688
1499558400000,58119
1499644800000,63107
1499731200000,61332
1499817600000,59474
1499904000000,60002
1499990400000,59464
1500076800000,53359
1500163200000,53410
1500249600000,57862
1500336000000,56300
1500422400000,57916
1500508800000,57328
1500595200000,57532
1500681600000,51967
1500768000000,53977
1500854400000,60964
1500940800000,60355
1501027200000,59381
1501113600000,59135
1501200000000,57921
1501286400000,56033
1501372800000,56722
1501459200000,62040
1501545600000,58712
1501632000000,58327
1501718400000,51017
1501804800000,54834
1501891200000,51214
1501977600000,53584
1502064000000,56696
1502150400000,55823
1502236800000,57227
1502323200000,51781
1502409600000,52054
1502496000000,52755
1502582400000,51577
1502668800000,50388
1502755200000,50169
1502841600000,47519
1502928000000,47112
1503014400000,48295
1503100800000,56464
1503187200000,54192
1503273600000,47941
1503360000000,46115
1503446400000,44541
1503532800000,43831
1503619200000,46331
1503705600000,56183
1503792000000,56243
1503878400000,44717
1503964800000,43592
1504051200000,43466
1504137600000,42926
1504224000000,46288
1504310400000,58403
1504396800000,56996
1504483200000,57240
1504569600000,37876
1504656000000,35993
1504742400000,35285
1504828800000,43200
1504915200000,59574
1505001600000,57375
1505088000000,36466
1505174400000,33259
1505260800000,32605
1505347200000,32184
1505433600000,41383
1505520000000,56691
1505606400000,55801
1505692800000,35931
1505779200000,29969
1505865600000,30743
1505952000000,35620
1506038400000,41723
1506124800000,56734
1506211200000,56962
1506297600000,36978
1506384000000,32078
1506470400000,32388
1506556800000,33150
1506643200000,41258
1506729600000,57532
1506816000000,56950
1506902400000,39068
1506988800000,33524
1507075200000,31964
1507161600000,33271
1507248000000,43543
1507334400000,60233
1507420800000,57571
1507507200000,45401
1507593600000,34366
1507680000000,31104
1507766400000,32807
1507852800000,43199
1507939200000,58514
1508025600000,56505
1508112000000,38751
1508198400000,31621
1508284800000,30541
1508371200000,32385
1508457600000,41825
1508544000000,55143
1508630400000,54175
1508716800000,35810
1508803200000,31463
1508889600000,28338
1508976000000,31056
1509062400000,38519
1509148800000,50045
1509235200000,50767
1509321600000,32485
1509408000000,27436
1509494400000,31282
1509580800000,31565
1509667200000,43880
1509753600000,54654
1509840000000,53221
1509926400000,33931
1510012800000,31898
1510099200000,28895
1510185600000,30741
1510272000000,46014
1510358400000,52776
1510444800000,51376
1510531200000,32432
1510617600000,27409
1510704000000,27806
1510790400000,27960
1510876800000,35939
1510963200000,50192
1511049600000,48193
1511136000000,34431
1511222400000,34719
1511308800000,43593
1511395200000,41494
1511481600000,49543
1511568000000,50464
1511654400000,48853
1511740800000,32909
1511827200000,27142
1511913600000,28168
1512000000000,27507
1512086400000,37539
1512172800000,52696
1512259200000,50739
1512345600000,32936
1512432000000,28958
1512518400000,28657
1512604800000,29736
1512691200000,36578
1512777600000,51157
1512864000000,49067
1512950400000,31828
1513036800000,29655
1513123200000,29244
1513209600000,30119
1513296000000,37201
1513382400000,50732
1513468800000,48703
1513555200000,34433
1513641600000,36286
1513728000000,38283
1513814400000,41818
1513900800000,49038
1513987200000,49987
1514073600000,40147
1514160000000,41001
1514246400000,48045
1514332800000,51471
1514419200000,52912
1514505600000,53098
1514592000000,50684
1514678400000,46232
1514764800000,52429
1514851200000,48285
1514937600000,44854
1515024000000,50157
1515110400000,51292
1515196800000,53700
1515283200000,52376
1515369600000,38653
1515456000000,33104
1515542400000,32745
1515628800000,33721
1515715200000,42329
1515801600000,55749
1515888000000,53227
1515974400000,51798
1516060800000,38440
1516147200000,37290
1516233600000,34419
1516320000000,38146
1516406400000,53376
1516492800000,51532
1516579200000,36635
1516665600000,32209
1516752000000,31588
1516838400000,33128
1516924800000,39016
1517011200000,53075
1517097600000,51883
1517184000000,35104
1517270400000,31239
1517356800000,30696
1517443200000,32280
1517529600000,39913
1517616000000,54077
1517702400000,52830
1517788800000,30815
1517875200000,28436
1517961600000,32811
1518048000000,29316
1518134400000,35904
1518220800000,49915
1518307200000,49215
1518393600000,33272
1518480000000,28845
1518566400000,28889
1518652800000,29804
1518739200000,37630
1518825600000,48082
1518912000000,45887
1518998400000,43585
1519084800000,31951
1519171200000,29892
1519257600000,31610
1519344000000,35657
1519430400000,48424
1519516800000,45713
1519603200000,31360
1519689600000,29040
1519776000000,29040
1519862400000,29841
1519948800000,36448
1520035200000,50390
1520121600000,47990
1520208000000,30251
1520294400000,26169
1520380800000,29637
1520467200000,28716
1520553600000,33015
1520640000000,47758
1520726400000,44688
1520812800000,28952
1520899200000,29810
1520985600000,28047
1521072000000,27844
1521158400000,37184
1521244800000,45103
1521331200000,43593
1521417600000,26626
1521504000000,26088
1521590400000,29596
1521676800000,27091
1521763200000,30250
1521849600000,40724
1521936000000,38936
1522022400000,27947
1522108800000,27665
1522195200000,29754
1522281600000,32140
1522368000000,41688
1522454400000,40048
1522540800000,36625
1522627200000,36328
1522713600000,30240
1522800000000,30231
1522886400000,29040
1522972800000,31654
1523059200000,41215
1523145600000,38974
1523232000000,26369
1523318400000,22874
1523404800000,22132
1523491200000,23014
1523577600000,27666
1523664000000,39056
1523750400000,39198
1523836800000,25909
1523923200000,21506
1524009600000,20911
1524096000000,20281
1524182400000,26284
1524268800000,34548
1524355200000,33388
1524441600000,22504
1524528000000,19814
1524614400000,21427
1524700800000,19525
1524787200000,24099
1524873600000,32912
1524960000000,33165
1525046400000,22527
1525132800000,20969
1525219200000,19105
1525305600000,19905
1525392000000,23174
1525478400000,31966
1525564800000,30989
1525651200000,21574
1525737600000,17686
1525824000000,17790
1525910400000,18048
1525996800000,21085
1526083200000,29655
1526169600000,27730
1526256000000,17963
1526342400000,17682
1526428800000,18103
1526515200000,17663
1526601600000,21885
1526688000000,30104
1526774400000,29911
1526860800000,20201
1526947200000,17818
1527033600000,16401
1527120000000,17411
1527206400000,22317
1527292800000,27089
1527379200000,27235
1527465600000,25990
1527552000000,20357
1527638400000,20766
1527724800000,21040
1527811200000,24834
1527897600000,28464
1527984000000,27872
1528070400000,21935
1528156800000,21898
1528243200000,22325
1528329600000,22547
1528416000000,25949
1528502400000,27489
1528588800000,27132
1528675200000,24329
1528761600000,23811
1528848000000,23687
1528934400000,24005
1529020800000,25166
1529107200000,25866
1529193600000,25051
1529280000000,24708
1529366400000,24854
1529452800000,25882
1529539200000,24985
1529625600000,27021
1529712000000,25985
1529798400000,26192
1529884800000,26347
1529971200000,25988
1530057600000,25566
1530144000000,25291
1530230400000,26308
1530316800000,24409
1530403200000,24131
1530489600000,26502
1530576000000,24406
1530662400000,23308
1530748800000,25396
1530835200000,25963
1530921600000,24015
1531008000000,23884
1531094400000,26239
1531180800000,25084
1531267200000,25449
1531353600000,24939
1531440000000,25343
1531526400000,23542
1531612800000,23953
1531699200000,26128
1531785600000,26047
1531872000000,25117
1531958400000,25516
1532044800000,25959
1532131200000,24635
1532217600000,25535
1532304000000,26573
1532390400000,27017
1532476800000,27085
1532563200000,26578
1532649600000,26816
1532736000000,25401
1532822400000,26060
1532908800000,28229
1532995200000,27237
1533081600000,27390
1533168000000,26832
1533254400000,26313
1533340800000,25291
1533427200000,25515
1533513600000,27049
1533600000000,26772
1533686400000,27146
1533772800000,27049
1533859200000,26642
1533945600000,26626
1534032000000,26213
1534118400000,26059
1534204800000,25422
1534291200000,24372
1534377600000,24123
1534464000000,24625
1534550400000,27572
1534636800000,27456
1534723200000,24137
1534809600000,23317
1534896000000,23137
1534982400000,23262
1535068800000,25293
1535155200000,27652
1535241600000,28063
1535328000000,23791
1535414400000,23502
1535500800000,22605
1535587200000,22657
1535673600000,26772
1535760000000,29145
1535846400000,27180
1535932800000,27997
1536019200000,19447
1536105600000,18035
1536192000000,16702
1536278400000,21492
1536364800000,29122
1536451200000,27835
1536537600000,18407
1536624000000,16758
1536710400000,16338
1536796800000,16410
1536883200000,20509
1536969600000,27651
1537056000000,26617
1537142400000,16159
1537228800000,15103
1537315200000,16795
1537401600000,15262
1537488000000,19626
1537574400000,27465
1537660800000,26821
1537747200000,16602
1537833600000,15363
1537920000000,14714
1538006400000,13857
1538092800000,18543
1538179200000,25657
1538265600000,24626
1538352000000,15363
1538438400000,14790
1538524800000,14673
1538611200000,14750
1538697600000,19134
1538784000000,24437
1538870400000,23536
1538956800000,19067
1539043200000,14936
1539129600000,13854
1539216000000,14794
1539302400000,18250
1539388800000,24843
1539475200000,25087
1539561600000,15738
1539648000000,14322
1539734400000,14195
1539820800000,15019
1539907200000,18950
1539993600000,24946
1540080000000,24584
1540166400000,14434
1540252800000,14683
1540339200000,14414
1540425600000,15114
1540512000000,20052
1540598400000,25358
1540684800000,23161
1540771200000,15652
1540857600000,15121
1540944000000,14479
1541030400000,16162
1541116800000,19519
1541203200000,25953
1541289600000,25171
1541376000000,14445
1541462400000,16381
1541548800000,14177
1541635200000,14470
1541721600000,18620
1541808000000,25750
1541894400000,24545
1541980800000,18882
1542067200000,13947
1542153600000,14132
1542240000000,15609
1542326400000,19047
1542412800000,25194
1542499200000,23567
1542585600000,17326
1542672000000,17058
1542758400000,20680
1542844800000,20738
1542931200000,24909
1543017600000,27571
1543104000000,25824
1543190400000,15731
1543276800000,13947
1543363200000,14303
1543449600000,14428
1543536000000,17095
1543622400000,25372
1543708800000,26043
1543795200000,15560
1543881600000,15402
1543968000000,15528
1544054400000,14610
1544140800000,17320
1544227200000,24314
1544313600000,23844
1544400000000,14713
1544486400000,14867
1544572800000,14756
1544659200000,14862
1544745600000,17948
1544832000000,24542
1544918400000,23822
1545004800000,16091
1545091200000,16080
1545177600000,16690
1545264000000,18131
1545350400000,21636
1545436800000,24574
1545523200000,23177
1545609600000,19875
1545696000000,19531
1545782400000,22997
1545868800000,24555
1545955200000,25771
1546041600000,24373
1546128000000,24714
1546214400000,23744
1546300800000,25307
1546387200000,24424
1546473600000,23588
1546560000000,25186
1546646400000,26892
1546732800000,25785
1546819200000,18781
1546905600000,16364
1546992000000,15758
1547078400000,16677
1547164800000,19350
1547251200000,27346
1547337600000,26641
1547424000000,18555
1547510400000,15575
1547596800000,15832
1547683200000,15896
1547769600000,19271
1547856000000,25866
1547942400000,25686
1548028800000,24678
1548115200000,18563
1548201600000,17018
1548288000000,16701
1548374400000,19334
1548460800000,26303
1548547200000,24843
1548633600000,17758
1548720000000,18044
1548806400000,19245
1548892800000,19029
1548979200000,19454
1549065600000,25663
1549152000000,25214
1549238400000,16633
1549324800000,15468
1549411200000,15717
1549497600000,16062
1549584000000,18093
1549670400000,24684
1549756800000,24265
1549843200000,15700
1549929600000,17372
1550016000000,15538
1550102400000,14344
1550188800000,18669
1550275200000,23709
1550361600000,27201
1550448000000,21374
1550534400000,15882
1550620800000,17193
1550707200000,15934
1550793600000,18222
1550880000000,24837
1550966400000,23620
1551052800000,15964
1551139200000,14040
1551225600000,14768
1551312000000,14225
1551398400000,17618
1551484800000,24611
1551571200000,24002
1551657600000,16532
1551744000000,15173
1551830400000,15243
1551916800000,15501
1552003200000,18306
1552089600000,25117
1552176000000,25420
1552262400000,16447
1552348800000,15801
1552435200000,15838
1552521600000,15923
1552608000000,20263
1552694400000,25825
1552780800000,25122
1552867200000,15954
1552953600000,15409
1553040000000,15543
1553126400000,15632
1553212800000,20260
1553299200000,25156
1553385600000,25069
1553472000000,16730
1553558400000,16333
1553644800000,16167
1553731200000,16024
1553817600000,19967
1553904000000,24616
1553990400000,24026
1554076800000,15292
1554163200000,15703
1554249600000,15039
1554336000000,15053
1554422400000,18115
1554508800000,24484
1554595200000,23695
1554681600000,15750
1554768000000,14494
1554854400000,14116
1554940800000,14909
1555027200000,18089
1555113600000,23509
1555200000000,23974
1555286400000,16948
1555372800000,17176
1555459200000,16659
1555545600000,17788
1555632000000,22356
1555718400000,23327
1555804800000,21306
1555891200000,19283
1555977600000,14844
1556064000000,14302
1556150400000,13498
1556236800000,17001
1556323200000,24136
1556409600000,24362
1556496000000,15565
1556582400000,16062
1556668800000,16250
1556755200000,14834
1556841600000,18168
1556928000000,24467
1557014400000,25253
1557100800000,16536
1557187200000,14951
1557273600000,15062
1557360000000,14324
1557446400000,17634
1557532800000,23815
1557619200000,23238
1557705600000,15143
1557792000000,14770
1557878400000,14941
1557964800000,14598
1558051200000,19529
1558137600000,26627
1558224000000,26505
1558310400000,17704
1558396800000,17071
1558483200000,16638
1558569600000,17239
1558656000000,22099
1558742400000,26872
1558828800000,26431
1558915200000,25600
1559001600000,19899
1559088000000,21545
1559174400000,21419
1559260800000,23514
1559347200000,27460
1559433600000,27280
1559520000000,21511
1559606400000,21781
1559692800000,21981
1559779200000,22451
1559865600000,25700
1559952000000,26812
1560038400000,27946
1560124800000,25183
1560211200000,25104
1560297600000,27604
1560384000000,30820
1560470400000,34146
1560556800000,35660
1560643200000,35772
1560729600000,36010
1560816000000,36024
1560902400000,36033
1560988800000,42538
1561075200000,42122
1561161600000,42262
1561248000000,43210
1561334400000,46911
1561420800000,47283
1561507200000,47136
1561593600000,48743
1561680000000,49876
1561766400000,44664
1561852800000,48900
1561939200000,51784
1562025600000,48362
1562112000000,56078
1562198400000,51583
1562284800000,53902
1562371200000,52795
1562457600000,55647
1562544000000,58387
1562630400000,53004
1562716800000,60444
1562803200000,59876
1562889600000,60334
1562976000000,56668
1563062400000,59381
1563148800000,63216
1563235200000,63232
1563321600000,65480
1563408000000,64959
1563494400000,63714
1563580800000,60143
1563667200000,63025
1563753600000,65716
1563840000000,66439
1563926400000,65163
1564012800000,63455
1564099200000,62978
1564185600000,60376
1564272000000,64332
1564358400000,67222
1564444800000,67848
1564531200000,67104
1564617600000,54734
1564704000000,62400
1564790400000,65707
1564876800000,67292
1564963200000,72108
1565049600000,70172
1565136000000,72406
1565222400000,72494
1565308800000,71523
1565395200000,74033
1565481600000,75818
1565568000000,75648
1565654400000,76416
1565740800000,70251
1565827200000,69418
1565913600000,68470
1566000000000,76291
1566086400000,67271
1566172800000,58197
1566259200000,57969
1566345600000,61853
1566432000000,66270
1566518400000,70609
1566604800000,77832
1566691200000,82007
1566777600000,70367
1566864000000,68923
1566950400000,69702
1567036800000,68262
1567123200000,73117
1567209600000,83431
1567296000000,88442
1567382400000,87266
1567468800000,64735
1567555200000,60260
1567641600000,58357
1567728000000,66135
1567814400000,88717
1567900800000,90564
1567987200000,60462
1568073600000,48084
1568160000000,58192
1568246400000,61394
1568332800000,69655
1568419200000,91176
1568505600000,92323
1568592000000,62057
1568678400000,58624
1568764800000,59098
1568851200000,57877
1568937600000,66900
1569024000000,89339
1569110400000,87175
1569196800000,58750
1569283200000,57293
1569369600000,56357
1569456000000,56099
1569542400000,43965
1569628800000,
1569715200000,
1569801600000,
1569888000000,
1569974400000,
1570060800000,
1570147200000,
1570233600000,83174
1570320000000,84098
1570406400000,57795
1570492800000,57136
1570579200000,60822
1570665600000,55531
1570752000000,66827
1570838400000,81975
1570924800000,80457
1571011200000,70589
1571097600000,48137
1571184000000,47737
1571270400000,47614
1571356800000,56140
1571443200000,69721
1571529600000,69266
1571616000000,47344
1571702400000,45242
1571788800000,44974
1571875200000,46799
1571961600000,56631
1572048000000,71005
1572134400000,73995
1572220800000,51508
1572307200000,48680
1572393600000,50292
1572480000000,51395
1572566400000,61832
1572652800000,70597
1572739200000,69492
1572825600000,46353
1572912000000,47891
1572998400000,50229
1573084800000,45342
1573171200000,54903
1573257600000,68574
1573344000000,66515
1573430400000,55029
1573516800000,45949
1573603200000,45052
1573689600000,44977
1573776000000,55038
1573862400000,70183
1573948800000,67970
1574035200000,44391
1574121600000,43901
1574208000000,43374
1574294400000,43949
1574380800000,54265
1574467200000,71065
1574553600000,68605
1574640000000,52882
1574726400000,52659
1574812800000,61557
1574899200000,57900
1574985600000,64652
1575072000000,66868
1575158400000,64495
1575244800000,46564
1575331200000,43514
1575417600000,43693
1575504000000,43091
1575590400000,51842
1575676800000,73751
1575763200000,65665
1575849600000,44478
1575936000000,40824
1576022400000,42603
1576108800000,41912
1576195200000,50101
1576281600000,64343
1576368000000,61977
1576454400000,43644
1576540800000,45164
1576627200000,40011
1576713600000,53245
1576800000000,56586
1576886400000,61032
1576972800000,61778
1577059200000,63546
1577145600000,54476
1577232000000,52593
1577318400000,58989
1577404800000,61600
1577491200000,59734
1577577600000,62797
1577664000000,65067
1577750400000,56640
1577836800000,63288
1577923200000,63213
1578009600000,64472
1578096000000,65532
1578182400000,62842
1578268800000,48447
1578355200000,45148
1578441600000,41771
1578528000000,40700
1578614400000,50749
1578700800000,65570
1578787200000,63114
1578873600000,49327
1578960000000,43007
1579046400000,41338
1579132800000,40245
1579219200000,49671
1579305600000,62636
1579392000000,66402
1579478400000,58994
1579564800000,43136
1579651200000,41719
1579737600000,42836
1579824000000,50870
1579910400000,63271
1579996800000,62563
1580083200000,43646
1580169600000,42227
1580256000000,41548
1580342400000,41994
1580428800000,49417
1580515200000,63825
1580601600000,65893
1580688000000,40590
1580774400000,40797
1580860800000,39410
1580947200000,38114
1581033600000,55903
1581120000000,62563
1581206400000,63419
1581292800000,42436
1581379200000,40550
1581465600000,39535
1581552000000,41284
1581638400000,50261
1581724800000,60443
1581811200000,59443
1581897600000,58134
1581984000000,43930
1582070400000,44323
1582156800000,41737
1582243200000,46054
1582329600000,58579
1582416000000,65234
1582502400000,42092
1582588800000,46163
1582675200000,45809
1582761600000,47871
1582848000000,54100
1582934400000,67593
1583020800000,64738
1583107200000,45319
1583193600000,42040
1583280000000,44939
1583366400000,42364
1583452800000,51270
1583539200000,66270
1583625600000,64208
1583712000000,53757
1583798400000,49266
1583884800000,50195
1583971200000,55743
1584057600000,69593
1584144000000,72986
1584230400000,73459
1584316800000,74154
1584403200000,74631
1584489600000,74366
1584576000000,81107
1584662400000,87661
1584748800000,90858
1584835200000,85932
1584921600000,90070
1585008000000,88107
1585094400000,89870
1585180800000,88409
1585267200000,92009
1585353600000,92974
1585440000000,90755
1585526400000,89557
1585612800000,90058
1585699200000,90087
1585785600000,90577
1585872000000,92158
1585958400000,92495
1586044800000,92287
1586131200000,90375
1586217600000,91795
1586304000000,92689
1586390400000,100516
1586476800000,92791
1586563200000,89679
1586649600000,89519
1586736000000,90784
1586822400000,89871
1586908800000,89597
1586995200000,88637
1587081600000,91793
1587168000000,93413
1587254400000,92752
1587340800000,90482
1587427200000,90671
1587513600000,90237
1587600000000,91228
1587686400000,94749
1587772800000,96533
1587859200000,95780
1587945600000,92425
1588032000000,92558
1588118400000,91847
1588204800000,96323
1588291200000,97005
1588377600000,95896
1588464000000,93859
1588550400000,93361
1588636800000,90381
1588723200000,94779
1588809600000,95194
1588896000000,97626
1588982400000,97352
1589068800000,97013
1589155200000,94992
1589241600000,94540
1589328000000,94608
1589414400000,94777
1589500800000,94245
1589587200000,93766
1589673600000,94218
1589760000000,91772
1589846400000,90878
1589932800000,92596
1590019200000,91714
1590105600000,96160
1590192000000,92423
1590278400000,90284
1590364800000,92166
1590451200000,91266
1590537600000,91936
1590624000000,92914
1590710400000,94272
1590796800000,92527
1590883200000,92378
1590969600000,94674
1591056000000,95695
1591142400000,98493
1591228800000,98160
1591315200000,100226
1591401600000,97513
1591488000000,90796
1591574400000,101429
1591660800000,101339
1591747200000,105366
1591833600000,101509
1591920000000,99988
1592006400000,94052
1592092800000,99183
1592179200000,99933
1592265600000,96728
1592352000000,94576
1592438400000,94978
1592524800000,96215
1592611200000,91145
1592697600000,87834
1592784000000,101515
1592870400000,95697
1592956800000,94621
1593043200000,92461
1593129600000,92372
1593216000000,87597
1593302400000,88920
1593388800000,94588
1593475200000,94609
1593561600000,94348
1593648000000,94494
1593734400000,89920
1593820800000,86573
1593907200000,89534
1593993600000,91041
1594080000000,96770
1594166400000,102490
1594252800000,100308
1594339200000,100456
1594425600000,101765
1594512000000,97612
1594598400000,100250
1594684800000,101250
1594771200000,100025
1594857600000,101613
1594944000000,100377
1595030400000,94876
1595116800000,99602
1595203200000,103143
1595289600000,103399
1595376000000,103465
1595462400000,109755
1595548800000,101775
1595635200000,96261
1595721600000,99818
1595808000000,105442
1595894400000,105090
1595980800000,104827
1596067200000,102976
1596153600000,99214
1596240000000,94043
1596326400000,99795
1596412800000,103939
1596499200000,102021
1596585600000,98100
1596672000000,98230
1596758400000,95900
1596844800000,92691
1596931200000,94063
1597017600000,100882
1597104000000,91994
1597190400000,100038
1597276800000,99841
1597363200000,102270
1597449600000,98563
1597536000000,102908
1597622400000,103960
1597708800000,101428
1597795200000,101847
1597881600000,99560
1597968000000,103580
1598054400000,106248
1598140800000,111028
1598227200000,101934
1598313600000,102192
1598400000000,98104
1598486400000,98876
1598572800000,104455
1598659200000,108580
1598745600000,106976
1598832000000,99210
1598918400000,96031
1599004800000,98662
1599091200000,96298
1599177600000,104062
1599264000000,105461
1599350400000,103162
1599436800000,105142
1599523200000,86723
1599609600000,105325
1599696000000,101088
1599782400000,112403
1599868800000,115223
1599955200000,111151
1600041600000,96173
1600128000000,101173
1600214400000,93920
1600300800000,89382
1600387200000,106599
1600473600000,110072
1600560000000,104191
1600646400000,88118
1600732800000,86247
1600819200000,91912
1600905600000,84965
1600992000000,97153
1601078400000,103921
1601164800000,98160
1601251200000,84320
1601337600000,77834
1601424000000,82339
1601510400000,79896
1601596800000,93232
1601683200000,99553
1601769600000,94489
1601856000000,78427
1601942400000,78087
1602028800000,83964
1602115200000,78628
1602201600000,94367
1602288000000,101865
1602374400000,94167
1602460800000,87723
1602547200000,80392
1602633600000,80911
1602720000000,80810
1602806400000,90480
1602892800000,98673
1602979200000,95883
1603065600000,82027
1603152000000,75971
1603238400000,80512
1603324800000,81543
1603411200000,90637
1603497600000,105199
1603584000000,99470
1603670400000,88016
1603756800000,86249
1603843200000,92549
1603929600000,92497
1604016000000,106448
1604102400000,110585
1604188800000,103397
1604275200000,88106
1604361600000,94492
1604448000000,89625
1604534400000,87953
1604620800000,105565
1604707200000,113784
1604793600000,106546
1604880000000,91480
1604966400000,93420
1605052800000,100425
1605139200000,99884
1605225600000,108779
1605312000000,114576
1605398400000,113108
1605484800000,94118
1605571200000,94173
1605657600000,96555
1605744000000,93663
1605830400000,111685
1605916800000,117698
1606003200000,111941
1606089600000,104205
1606176000000,112830
1606262400000,109754
1606348800000,104963
1606435200000,117052
1606521600000,118901
1606608000000,113633
1606694400000,101359
1606780800000,96443
1606867200000,98406
1606953600000,99660
1607040000000,118951
1607126400000,122111
1607212800000,115586
1607299200000,100991
1607385600000,100075
1607472000000,102272
1607558400000,100884
1607644800000,117194
1607731200000,122798
1607817600000,123319
1607904000000,104624
1607990400000,106386
1608076800000,111409
1608163200000,112235
1608249600000,124943
1608336000000,124113
1608422400000,122554
1608508800000,124317
1608595200000,127237
1608681600000,124002
1608768000000,106468
1608854400000,121526
1608940800000,122400
1609027200000,128490
1609113600000,134441
1609200000000,136158
1609286400000,140353
1609372800000,127681
1609459200000,135687
1609545600000,136845
1609632000000,137195
1609718400000,137321
1609804800000,128830
1609891200000,125508
1609977600000,129458
1610064000000,147364
1610150400000,147834
1610236800000,139647
1610323200000,128509
1610409600000,129489
1610496000000,136890
1610582400000,123256
1610668800000,164987
1610755200000,161231
1610841600000,151174
1610928000000,148308
1611014400000,131706
1611100800000,133013
1611187200000,127316
1611273600000,147343
1611360000000,154247
1611446400000,146709
1611532800000,135369
1611619200000,132069
1611705600000,133980
1611792000000,132333
1611878400000,155397
1611964800000,160201
1612051200000,153779
1612137600000,140135
1612224000000,134303
1612310400000,139357
1612396800000,136834
1612483200000,158099
1612569600000,166606
1612656000000,161403
1612742400000,139632
1612828800000,139650
1612915200000,143950
1613001600000,144534
1613088000000,163334
1613174400000,169513
1613260800000,157642
1613347200000,156696
1613433600000,147781
1613520000000,143271
1613606400000,147479
1613692800000,162707
1613779200000,165931
1613865600000,155893
1613952000000,139521
1614038400000,136348
1614124800000,140289
1614211200000,144824
1614297600000,159852
1614384000000,165452
1614470400000,158336
1614556800000,137489
1614643200000,138670
1614729600000,140695
1614816000000,138424
1614902400000,161424
1614988800000,163722
1615075200000,158144
1615161600000,135250
1615248000000,130178
1615334400000,143529
1615420800000,138950
1615507200000,162359
1615593600000,165914
1615680000000,159895
1615766400000,147242
1615852800000,149519
1615939200000,140635
1616025600000,146653
1616112000000,168238
1616198400000,158274
1616284800000,152094
1616371200000,142352
1616457600000,139922
1616544000000,144375
1616630400000,141056
1616716800000,161783
1616803200000,156669
1616889600000,159310
1616976000000,136641
1617062400000,128962
1617148800000,145173
1617235200000,147778
1617321600000,156780
1617408000000,150299
1617494400000,145254
1617580800000,147124
1617667200000,138349
1617753600000,139610
1617840000000,140578
1617926400000,152005
1618012800000,157323
1618099200000,153143
1618185600000,140974
1618272000000,134197
1618358400000,137500
1618444800000,134939
1618531200000,216558
1618617600000,168232
1618704000000,159366
1618790400000,139788
1618876800000,135029
1618963200000,134180
1619049600000,139436
1619136000000,151488
1619222400000,160840
1619308800000,155293
1619395200000,134825
1619481600000,130870
1619568000000,134785
1619654400000,133210
1619740800000,148957
1619827200000,154150
1619913600000,149927
1620000000000,131132
1620086400000,130577
1620172800000,136964
1620259200000,128426
1620345600000,146037
1620432000000,155566
1620518400000,139828
1620604800000,127256
1620691200000,127530
1620777600000,136279
1620864000000,127868
1620950400000,140245
1621036800000,155322
1621123200000,147563
1621209600000,134595
1621296000000,132880
1621382400000,136932
1621468800000,134328
1621555200000,144674
1621641600000,142938
1621728000000,141177
1621814400000,128949
1621900800000,127233
1621987200000,131014
1622073600000,127502
1622160000000,145324
1622246400000,136707
1622332800000,133148
1622419200000,134089
1622505600000,127270
1622592000000,133807
1622678400000,134989
1622764800000,144597
1622851200000,140370
1622937600000,136794
1623024000000,134617
1623110400000,121222
1623196800000,124774
1623283200000,122649
1623369600000,132648
1623456000000,124812
1623542400000,123022
1623628800000,126532
1623715200000,123258
1623801600000,101832
1623888000000,116070
1623974400000,74612
1624060800000,0
1624147200000,0
1624233600000,0
1624320000000,1337
1624406400000,128356
1624492800000,125166
1624579200000,127482
1624665600000,116399
1624752000000,117771
1624838400000,122173
1624924800000,126586
1625011200000,123692
1625097600000,122860
1625184000000,119173
1625270400000,109529
1625356800000,109949
1625443200000,113077
1625529600000,118157
1625616000000,113624
1625702400000,115728
1625788800000,116790
1625875200000,108254
1625961600000,106304
1626048000000,116132
1626134400000,114129
1626220800000,112602
1626307200000,113045
1626393600000,109855
1626480000000,106739
1626566400000,110894
1626652800000,113362
1626739200000,110474
1626825600000,110494
1626912000000,108395
1626998400000,107199
1627084800000,99682
1627171200000,103423
1627257600000,109829
1627344000000,111734
1627430400000,112631
1627516800000,111030
1627603200000,110276
1627689600000,101583
1627776000000,106942
1627862400000,111887
1627948800000,113696
1628035200000,112387
1628121600000,110287
1628208000000,108937
1628294400000,107262
1628380800000,110224
1628467200000,109066
1628553600000,103853
1628640000000,109031
1628726400000,103625
1628812800000,101637
1628899200000,106318
1628985600000,111753
1629072000000,107812
1629158400000,105572
1629244800000,103446
1629331200000,100268
1629417600000,101606
1629504000000,113027
1629590400000,120281
1629676800000,100096
1629763200000,97884
1629849600000,97347
1629936000000,99168
1630022400000,100971
1630108800000,117611
1630195200000,122594
1630281600000,104459
1630368000000,99778
1630454400000,94976
1630540800000,92906
1630627200000,101987
1630713600000,118603
1630800000000,112411
1630886400000,116494
1630972800000,90971
1631059200000,83489
1631145600000,76601
1631232000000,92439
1631318400000,119117
1631404800000,114382
1631491200000,77142
1631577600000,76666
1631664000000,74965
1631750400000,89040
1631836800000,93383
1631923200000,118706
1632009600000,115707
1632096000000,78374
1632182400000,76357
1632268800000,73481
1632355200000,73095
1632441600000,86680
1632528000000,108466
1632614400000,105670
1632700800000,72041
1632787200000,69124
1632873600000,69224
1632960000000,71710
1633046400000,81699
1633132800000,103874
1633219200000,102373
1633305600000,68328
1633392000000,70296
1633478400000,65984
1633564800000,65325
1633651200000,84535
1633737600000,101802
1633824000000,98686
1633910400000,85384
1633996800000,69618
1634083200000,69623
1634169600000,69212
1634256000000,83556
1634342400000,104385
1634428800000,102138
1634515200000,70875
1634601600000,65247
1634688000000,67991
1634774400000,68061
1634860800000,79111
1634947200000,98077
1635033600000,97662
1635120000000,67483
1635206400000,65690
1635292800000,64731
1635379200000,66562
1635465600000,87407
1635552000000,110625
1635638400000,103989
1635724800000,74783
1635811200000,69490
1635897600000,68523
1635984000000,69840
1636070400000,85363
1636156800000,96839
1636243200000,93541
1636329600000,59922
1636416000000,60050
1636502400000,62367
1636588800000,77239
1636675200000,82844
1636761600000,94767
1636848000000,91893
1636934400000,60840
1637020800000,59448
1637107200000,58344
1637193600000,59193
1637280000000,75170
1637366400000,89427
1637452800000,85120
1637539200000,68009
1637625600000,68173
1637712000000,75968
1637798400000,72715
1637884800000,87568
1637971200000,88216
1638057600000,82279
1638144000000,59479
1638230400000,56006
1638316800000,58277
1638403200000,58052
1638489600000,70459
1638576000000,88283
1638662400000,85244
1638748800000,57347
1638835200000,57625
1638921600000,56537
1639008000000,56535
1639094400000,70834
1639180800000,86032
1639267200000,81764
1639353600000,61757
1639440000000,59945
1639526400000,60421
1639612800000,60844
1639699200000,76159
1639785600000,87143
1639872000000,85436
1639958400000,84139
1640044800000,83797
1640131200000,84839
1640217600000,87757
1640304000000,73571
1640390400000,80186
1640476800000,84523
1640563200000,95041
1640649600000,96432
1640736000000,102756
1640822400000,99236
1640908800000,85722
1640995200000,100913
1641081600000,99692
1641168000000,91775
1641254400000,85521
1641340800000,82737
1641427200000,83717
1641513600000,92520
1641600000000,104644
1641686400000,97593
1641772800000,70846
1641859200000,71096
1641945600000,70744
1642032000000,71317
1642118400000,89051
1642204800000,102457
1642291200000,98679
1642377600000,97890
1642464000000,76241
1642550400000,73182
1642636800000,76935
1642723200000,85826
1642809600000,107385
1642896000000,101225
1642982400000,70844
1643068800000,67782
1643155200000,69726
1643241600000,69803
1643328000000,81354
1643414400000,100897
1643500800000,94412
1643587200000,67917
1643673600000,67647
1643760000000,68554
1643846400000,71305
1643932800000,81629
1644019200000,96044
1644105600000,94611
1644192000000,64508
1644278400000,62030
1644364800000,62271
1644451200000,61091
1644537600000,73013
1644624000000,90606
1644710400000,88835
1644796800000,61555
1644883200000,59514
1644969600000,59520
1645056000000,62047
1645142400000,79082
1645228800000,92396
1645315200000,87117
1645401600000,81865
1645488000000,64386
1645574400000,61831
1645660800000,60052
1645747200000,71863
1645833600000,84114
1645920000000,84741
1646006400000,58188
1646092800000,57089
1646179200000,55208
1646265600000,55736
1646352000000,69633
1646438400000,81554
1646524800000,82650
1646611200000,54692
1646697600000,54658
1646784000000,56323
1646870400000,55647
1646956800000,67983
1647043200000,86432
1647129600000,84098
1647216000000,64385
1647302400000,62061
1647388800000,61350
1647475200000,63777
1647561600000,77447
1647648000000,86860
1647734400000,83310
1647820800000,59807
1647907200000,56925
1647993600000,62075
1648080000000,58785
1648166400000,70445
1648252800000,84877
1648339200000,80453
1648425600000,57728
1648512000000,54926
1648598400000,56535
1648684800000,56281
1648771200000,66371
1648857600000,80887
1648944000000,81083
1649030400000,57485
1649116800000,56960
1649203200000,55179
1649289600000,55450
1649376000000,64016
1649462400000,81537
1649548800000,76054
1649635200000,57254
1649721600000,55345
1649808000000,58077
1649894400000,62253
1649980800000,70394
1650067200000,76757
1650153600000,74356
1650240000000,66702
1650326400000,56585
1650412800000,58801
1650499200000,61713
1650585600000,68161
1650672000000,86528
1650758400000,84169
1650844800000,58698
1650931200000,55469
1651017600000,54374
1651104000000,53929
1651190400000,62580
1651276800000,77893
1651363200000,79190
1651449600000,56613
1651536000000,49555
1651622400000,51481
1651708800000,51767
1651795200000,61150
1651881600000,74618
1651968000000,71756
1652054400000,49578
1652140800000,49214
1652227200000,49031
1652313600000,48027
1652400000000,57207
1652486400000,69409
1652572800000,69618
1652659200000,47992
1652745600000,47530
1652832000000,47142
1652918400000,48247
1653004800000,57270
1653091200000,68235
1653177600000,72131
1653264000000,54388
1653350400000,52585
1653436800000,56355
1653523200000,53820
1653609600000,60313
1653696000000,64165
1653782400000,62791
1653868800000,62924
1653955200000,54319
1654041600000,54788
1654128000000,54818
1654214400000,55230
1654300800000,66382
1654387200000,64996
1654473600000,52661
1654560000000,50938
1654646400000,53666
1654732800000,58968
1654819200000,66123
1654905600000,70783
1654992000000,70401
1655078400000,64425
1655164800000,62976
1655251200000,63252
1655337600000,64094
1655424000000,67558
1655510400000,64415
1655596800000,64030
1655683200000,66238
1655769600000,60671
1655856000000,62865
1655942400000,60868
1656028800000,65163
1656115200000,60225
1656201600000,61184
1656288000000,62571
1656374400000,61579
1656460800000,59504
1656547200000,60101
1656633600000,68890
1656720000000,66654
1656806400000,68883
1656892800000,72372
1656979200000,74713
1657065600000,75702
1657152000000,75168
1657238400000,73599
1657324800000,71647
1657411200000,72972
1657497600000,75929
1657584000000,73723
1657670400000,76148
1657756800000,74082
1657843200000,72888
1657929600000,70907
1658016000000,73804
1658102400000,75536
1658188800000,71927
1658275200000,70357
1658361600000,70178
1658448000000,70616
1658534400000,68288
1658620800000,69250
1658707200000,76551
1658793600000,70287
1658880000000,72946
1658966400000,70416
1659052800000,69770
1659139200000,68143
1659225600000,72052
1659312000000,73516
1659398400000,72874
1659484800000,70908
1659571200000,71812
1659657600000,69614
1659744000000,71896
1659830400000,70444
1659916800000,71829
1660003200000,71426
1660089600000,68035
1660176000000,65998
1660262400000,66199
1660348800000,68239
1660435200000,71135
1660521600000,65687
1660608000000,64068
1660694400000,61499
1660780800000,58193
1660867200000,70194
1660953600000,72937
1661040000000,73733
1661126400000,61560
1661212800000,62412
1661299200000,59349
1661385600000,60296
1661472000000,60492
1661558400000,67157
1661644800000,69988
1661731200000,57698
1661817600000,58760
1661904000000,55054
1661990400000,55828
1662076800000,59706
1662163200000,71361
1662249600000,70783
1662336000000,71264
1662422400000,50685
1662508800000,48036
1662595200000,47263
1662681600000,53438
1662768000000,65432
1662854400000,69567
1662940800000,45831
1663027200000,45232
1663113600000,45699
1663200000000,44533
1663286400000,54283
1663372800000,66497
1663459200000,67015
1663545600000,46330
1663632000000,45060
1663718400000,44230
1663804800000,43060
1663891200000,54786
1663977600000,67751
1664064000000,66544
1664150400000,49059
1664236800000,46473
1664323200000,46109
1664409600000,43489
1664496000000,52597
1664582400000,63711
1664668800000,64334
1664755200000,43006
1664841600000,39572
1664928000000,40799
1665014400000,40765
1665100800000,51440
1665187200000,60125
1665273600000,59196
1665360000000,47978
1665446400000,41373
1665532800000,40201
1665619200000,40363
1665705600000,50850
1665792000000,58881
1665878400000,58250
1665964800000,40384
1666051200000,39399
1666137600000,40556
1666224000000,40141
1666310400000,47738
1666396800000,56735
1666483200000,58758
1666569600000,40964
1666656000000,39435
1666742400000,40354
1666828800000,37865
1666915200000,43652
1667001600000,57253
1667088000000,59981
1667174400000,43102
1667260800000,45086
1667347200000,43954
1667433600000,44728
1667520000000,52798
1667606400000,64542
1667692800000,61891
1667779200000,45182
1667865600000,46112
1667952000000,43698
1668038400000,45196
1668124800000,59719
1668211200000,64722
1668297600000,63337
1668384000000,44839
1668470400000,44190
1668556800000,42125
1668643200000,41737
1668729600000,51481
1668816000000,61624
1668902400000,60792
1668988800000,49352
1669075200000,49196
1669161600000,54325
1669248000000,52967
1669334400000,58832
1669420800000,63681
1669507200000,60571
1669593600000,41872
1669680000000,40916
1669766400000,41538
1669852800000,44854
1669939200000,54141
1670025600000,65972
1670112000000,62750
1670198400000,44101
1670284800000,43064
1670371200000,43661
1670457600000,46362
1670544000000,50455
1670630400000,61621
1670716800000,63508
1670803200000,43359
1670889600000,44385
1670976000000,44457
1671062400000,47633
1671148800000,54221
1671235200000,61034
1671321600000,60231
1671408000000,53510
1671494400000,57487
1671580800000,61599
1671667200000,63042
1671753600000,66292
1671840000000,54979
1671926400000,57735
1672012800000,62634
1672099200000,65882
1672185600000,64117
1672272000000,65843
1672358400000,66470
1672444800000,55815
1672531200000,66169
1672617600000,67488
1672704000000,59560
1672790400000,57537
1672876800000,57046
1672963200000,61401
1673049600000,69491
1673136000000,68671
1673222400000,48721
1673308800000,46226
1673395200000,46151
1673481600000,46525
1673568000000,56419
1673654400000,68699
1673740800000,70392
1673827200000,64801
1673913600000,48524
1674000000000,47182
1674086400000,46925
1674172800000,55440
1674259200000,67406
1674345600000,68055
1674432000000,50155
1674518400000,48564
1674604800000,56373
1674691200000,51946
1674777600000,61128
1674864000000,72897
1674950400000,72869
1675036800000,52523
1675123200000,50371
1675209600000,49673
1675296000000,48813
1675382400000,56983
1675468800000,70759
1675555200000,66180
1675641600000,46509
1675728000000,43802
1675814400000,44979
1675900800000,43555
1675987200000,51443
1676073600000,62934
1676160000000,64033
1676246400000,45103
1676332800000,51669
1676419200000,53632
1676505600000,54096
1676592000000,64294
1676678400000,72287
1676764800000,71830
1676851200000,69491
1676937600000,56348
1677024000000,54702
1677110400000,54247
1677196800000,58848
1677283200000,71625
1677369600000,70205
1677456000000,50035
1677542400000,49134
1677628800000,47828
1677715200000,47749
1677801600000,57666
1677888000000,71017
1677974400000,69797
1678060800000,49079
1678147200000,48471
1678233600000,47853
1678320000000,46937
1678406400000,57001
1678492800000,69627
1678579200000,66158
1678665600000,54918
1678752000000,54545
1678838400000,54424
1678924800000,52012
1679011200000,59932
1679097600000,67441
1679184000000,68201
1679270400000,51727
1679356800000,50060
1679443200000,48619
1679529600000,49513
1679616000000,59806
1679702400000,68030
1679788800000,67320
1679875200000,49558
1679961600000,51339
1680048000000,50652
1680134400000,51439
1680220800000,58924
1680307200000,68129
1680393600000,69505
1680480000000,55317
1680566400000,53565
1680652800000,56041
1680739200000,57900
1680825600000,66009
1680912000000,65376
1680998400000,65971
1681084800000,61799
1681171200000,52081
1681257600000,51653
1681344000000,52538
1681430400000,57959
1681516800000,70539
1681603200000,70964
1681689600000,50740
1681776000000,51196
1681862400000,50509
1681948800000,50403
1682035200000,59190
1682121600000,70620
1682208000000,74070
1682294400000,53584
1682380800000,51553
1682467200000,50010
1682553600000,49098
1682640000000,57606
1682726400000,68143
1682812800000,74429
1682899200000,53267
1682985600000,48438
1683072000000,50153
1683158400000,49410
1683244800000,57440
1683331200000,69605
1683417600000,70967
1683504000000,51240
1683590400000,50386
1683676800000,50690
1683763200000,49829
1683849600000,57679
1683936000000,66474
1684022400000,66307
1684108800000,50095
1684195200000,39344
1684281600000,52802
1684368000000,50432
1684454400000,55916
1684540800000,65629
1684627200000,64661
1684713600000,51822
1684800000000,47112
1684886400000,47735
1684972800000,48290
1685059200000,56404
1685145600000,59917
1685232000000,62084
1685318400000,61782
1685404800000,52398
1685491200000,54161
1685577600000,53886
1685664000000,57605
1685750400000,61754
1685836800000,60678
1685923200000,53398
1686009600000,52306
1686096000000,52586
1686182400000,53028
1686268800000,54475
1686355200000,55379
1686441600000,59264
1686528000000,57960
1686614400000,54711
1686700800000,55201
1686787200000,55020
1686873600000,57653
1686960000000,55712
1687046400000,57052
1687132800000,58619
1687219200000,64198
1687305600000,61800
1687392000000,61427
1687478400000,59890
1687564800000,58240
1687651200000,59487
1687737600000,57372
1687824000000,59043
1687910400000,58282
1687996800000,58294
1688083200000,58123
1688169600000,58550
1688256000000,58392
1688342400000,58272
1688428800000,57282
1688515200000,57808
1688601600000,57525
1688688000000,56414
1688774400000,53854
1688860800000,56710
1688947200000,57258
1689033600000,55260
1689120000000,57181
1689206400000,57190
1689292800000,55040
1689379200000,54797
1689465600000,58044
1689552000000,59395
1689638400000,58752
1689724800000,57470
1689811200000,56394
1689897600000,58362
1689984000000,54636
1690070400000,57534
1690156800000,58975
1690243200000,59015
1690329600000,59115
1690416000000,57871
1690502400000,54955
1690588800000,54553
1690675200000,58320
1690761600000,59301
1690848000000,62825
1690934400000,60362
1691020800000,58760
1691107200000,57747
1691193600000,57433
1691280000000,60357
1691366400000,60514
1691452800000,58363
1691539200000,56537
1691625600000,54588
1691712000000,53477
1691798400000,55593
1691884800000,57757
1691971200000,55042
1692057600000,54030
1692144000000,50445
1692230400000,50659
1692316800000,50684
1692403200000,54733
1692489600000,58620
1692576000000,50044
1692662400000,49758
1692748800000,50160
1692835200000,48872
1692921600000,51669
1693008000000,58985
1693094400000,60279
1693180800000,50047
1693267200000,49291
1693353600000,48861
1693440000000,47040
1693526400000,53519
1693612800000,58544
1693699200000,81628
1693785600000,91141
1693872000000,79691
1693958400000,73582
1694044800000,70760
1694131200000,80727
1694217600000,62103
1694304000000,62774
1694390400000,43065
1694476800000,44197
1694563200000,44175
1694649600000,42447
1694736000000,48707
1694822400000,60927
1694908800000,60959
1694995200000,44391
1695081600000,42771
1695168000000,40199
1695254400000,41908
1695340800000,47969
1695427200000,61538
1695513600000,60124
1695600000000,46476
1695686400000,41560
1695772800000,41685
1695859200000,40699
1695945600000,47025
1696032000000,61640
1696118400000,60770
1696204800000,46092
1696291200000,43215
1696377600000,43549
1696464000000,43607
1696550400000,49658
1696636800000,59405
1696723200000,59115
1696809600000,52493
1696896000000,42036
1696982400000,41675
1697068800000,42190
1697155200000,48007
1697241600000,60483
1697328000000,59164
1697414400000,43800
1697500800000,41758
1697587200000,42633
1697673600000,43106
1697760000000,50374
1697846400000,60569
1697932800000,60685
1698019200000,43860
1698105600000,44348
1698192000000,43431
1698278400000,43010
1698364800000,49215
1698451200000,57974
1698537600000,60734
1698624000000,46669
1698710400000,44070
1698796800000,48943
1698883200000,48709
1698969600000,44875
1699056000000,52958
1699142400000,53385
1699228800000,37116
1699315200000,38766
1699401600000,33885
1699488000000,35869
1699574400000,45835
1699660800000,51970
1699747200000,51187
1699833600000,37190
1699920000000,37031
1700006400000,36028
1700092800000,35622
1700179200000,41339
1700265600000,50365
1700352000000,49662
1700438400000,36305
1700524800000,41367
1700611200000,44490
1700697600000,41444
1700784000000,47631
1700870400000,48337
1700956800000,47955
1701043200000,34913
1701129600000,35202
1701216000000,34301
1701302400000,34709
1701388800000,41213
1701475200000,57334
1701561600000,49343
1701648000000,35200
1701734400000,35027
1701820800000,34627
1701907200000,33719
1701993600000,38741
1702080000000,45840
1702166400000,45161
1702252800000,33885
1702339200000,35038
1702425600000,34021
1702512000000,33810
1702598400000,39655
1702684800000,44987
1702771200000,44335
1702857600000,37477
1702944000000,39515
1703030400000,38809
1703116800000,41480
1703203200000,46381
1703289600000,45655
1703376000000,37462
1703462400000,40617
1703548800000,45096
1703635200000,48394
1703721600000,48810
1703808000000,48097
1703894400000,48531
1703980800000,41283
1704067200000,52770
1704153600000,49053
1704240000000,47955
1704326400000,45416
1704412800000,47644
1704499200000,54618
1704585600000,51433
1704672000000,38524
1704758400000,39015
1704844800000,36190
1704931200000,36036
1705017600000,43313
1705104000000,51935
1705190400000,51362
1705276800000,51235
1705363200000,41984
1705449600000,40403
1705536000000,39201
1705622400000,45257
1705708800000,53151
1705795200000,51932
1705881600000,39629
1705968000000,40520
1706054400000,37770
1706140800000,38435
1706227200000,43497
1706313600000,51389
1706400000000,53475
1706486400000,39457
1706572800000,38422
1706659200000,38204
1706745600000,40230
1706832000000,46491
1706918400000,55701
1707004800000,54233
1707091200000,39963
1707177600000,39479
1707264000000,38144
1707350400000,37591
1707436800000,43043
1707523200000,51341
1707609600000,53502
1707696000000,40295
1707782400000,41260
1707868800000,37018
1707955200000,40640
1708041600000,46443
1708128000000,53927
1708214400000,54135
1708300800000,51770
1708387200000,41986
